customer_id,customer_name,gender,birth_date,city
C0001,Budi,M,1993-04-06,Depok
C0002,Putu,M,1966-04-05,Medan
C0003,Rama,M,1978-12-04,Surabaya
C0004,Guntur,M,1969-10-22,Tangerang
C0005,Ogi,M,1968-12-01,Banjarmasin
C0006,Lina,F,1980-02-24,Pontianak
C0007,Siti,F,1994-01-14,Makassar
C0008,Tika,F,1972-06-18,Semarang
C0009,Zaki,M,1964-08-01,Bandung
C0010,Dian,F,1976-02-07,Malang
C0011,Rina,F,1992-09-24,Balikpapan
C0012,Candra,M,1963-07-15,Banjarmasin
C0013,Novia,F,1987-09-29,Malang
C0014,Hafiz,M,1963-02-13,Surabaya
C0015,Umar,M,1963-07-31,Tangerang
C0016,Candra,M,1972-06-20,Balikpapan
C0017,Hana,F,1976-08-09,Malang
C0018,Dimas,M,1971-12-23,Bandung
C0019,Nanang,M,1992-09-15,Tangerang
C0020,Ivan,M,1977-01-07,Depok
C0021,Fandi,M,1974-07-19,Surabaya
C0022,Dedi,M,1996-02-10,Bogor
C0023,Okta,F,1962-12-20,Palembang
C0024,Kartika,F,1989-05-26,Batam
C0025,Olivia,F,1980-07-31,Semarang
C0026,Fitri,F,1971-01-23,Banjarmasin
C0027,Vina,F,1986-03-22,Denpasar
C0028,Vera,F,1969-11-02,Semarang
C0029,Citra,F,1993-11-25,Surabaya
C0030,Kevin,M,1988-02-23,Makassar
C0031,Laras,F,1962-11-06,Yogyakarta
C0032,Laras,F,1980-12-29,Pekanbaru
C0033,Intan,F,1998-08-12,Jakarta
C0034,Fandi,M,1999-09-09,Banjarmasin
C0035,Olivia,F,1975-04-05,Medan
C0036,Ayu,F,1967-02-04,Balikpapan
C0037,Ilham,M,1999-04-15,Depok
C0038,Luki,M,2000-12-08,Medan
C0039,Novia,F,1982-10-09,Manado
C0040,Kevin,M,1976-10-09,Makassar
C0041,Surya,M,1974-07-16,Batam
C0042,Irwan,M,1976-04-13,Bekasi
C0043,Eko,M,1970-10-21,Pontianak
C0044,Guntur,M,1992-10-30,Batam
C0045,Nanang,M,1994-05-09,Semarang
C0046,Dimas,M,1981-04-27,Banjarmasin
C0047,Sandi,M,1983-09-02,Manado
C0048,Kartika,F,1984-03-10,Palembang
C0049,Yanti,F,1990-02-16,Malang
C0050,Grace,F,1980-04-02,Medan
C0051,Putu,M,1962-11-15,Bogor
C0052,Rama,M,1984-11-05,Tangerang
C0053,Andi,M,1963-03-09,Surabaya
C0054,Fajar,M,2000-08-12,Surabaya
C0055,Bunga,F,1983-01-23,Tangerang
C0056,Priska,F,1981-10-10,Palembang
C0057,Ilham,M,1999-07-31,Pontianak
C0058,Maya,F,1995-03-13,Batam
C0059,Julia,F,1964-03-25,Medan
C0060,Ulfa,F,1978-12-31,Denpasar
C0061,Unik,F,1962-06-06,Medan
C0062,Doni,M,1992-08-31,Bogor
C0063,Rizky,M,1968-08-05,Palembang
C0064,Fitri,F,1978-12-04,Makassar
C0065,Clara,F,1971-03-16,Bandung
C0066,Intan,F,1964-05-23,Surabaya
C0067,Guntur,M,1993-10-20,Tangerang
C0068,Ferry,M,1981-10-13,Batam
C0069,Doni,M,2000-06-24,Surabaya
C0070,Candra,M,1960-02-05,Yogyakarta
C0071,Clara,F,1972-10-17,Denpasar
C0072,Gina,F,1968-07-08,Bekasi
C0073,Eko,M,1985-12-24,Banjarmasin
C0074,Jamal,M,1974-01-25,Surabaya
C0075,Rama,M,1981-05-21,Pekanbaru
C0076,Eko,M,1982-10-12,Bandung
C0077,Fajar,M,1986-09-10,Bandung
C0078,Doni,M,1965-05-18,Pontianak
C0079,Rama,M,1986-09-01,Surabaya
C0080,Ferry,M,1989-06-27,Pontianak
C0081,Nita,F,1969-02-28,Bogor
C0082,Sandi,M,1977-10-02,Semarang
C0083,Clara,F,1974-03-08,Bandung
C0084,Ivan,M,1987-11-12,Pontianak
C0085,Fajar,M,1984-02-12,Palembang
C0086,Fitri,F,1975-08-28,Bandung
C0087,Bayu,M,1972-10-13,Makassar
C0088,Hesti,F,1991-07-23,Bekasi
C0089,Dimas,M,1996-08-26,Banjarmasin
C0090,Priska,F,1964-08-24,Semarang
C0091,Erna,F,1999-11-29,Medan
C0092,Tegar,M,1972-08-21,Manado
C0093,Hafiz,M,1975-05-19,Palembang
C0094,Fanny,F,1981-11-30,Depok
C0095,Guntur,M,1988-06-14,Denpasar
C0096,Rina,F,1960-02-28,Bogor
C0097,Rian,M,1971-10-01,Makassar
C0098,Intan,F,1991-08-27,Denpasar
C0099,Irwan,M,1963-05-17,Semarang
C0100,Bayu,M,1986-02-16,Banjarmasin
C0101,Gilang,M,1965-09-19,Surabaya
C0102,Vera,F,2000-04-28,Surabaya
C0103,Kartika,F,1990-08-05,Tangerang
C0104,Arif,M,1994-12-29,Banjarmasin
C0105,Mira,F,1993-08-14,Semarang
C0106,Lukman,M,1995-11-18,Makassar
C0107,Dewi,F,1968-01-17,Bogor
C0108,Priska,F,1998-10-04,Tangerang
C0109,Hana,F,1995-04-27,Medan
C0110,Rina,F,1998-07-07,Batam
C0111,Nanda,M,1996-08-17,Balikpapan
C0112,Ratna,F,1996-10-21,Tangerang
C0113,Budi,M,1989-08-09,Palembang
C0114,Tika,F,1972-06-30,Bandung
C0115,Ulfa,F,1988-10-10,Pekanbaru
C0116,Reni,F,1997-11-04,Banjarmasin
C0117,Dewi,F,1965-03-04,Depok
C0118,Rama,M,1971-11-28,Surabaya
C0119,Surya,M,1979-06-29,Malang
C0120,Ayu,F,1987-03-12,Pekanbaru
C0121,Candra,M,2000-05-07,Pontianak
C0122,Sandi,M,1961-12-28,Denpasar
C0123,Miko,M,1996-03-05,Banjarmasin
C0124,Bayu,M,1979-05-07,Bandung
C0125,Mira,F,1974-01-30,Medan
C0126,Fanny,F,1973-11-15,Denpasar
C0127,Yanti,F,1991-04-11,Bekasi
C0128,Nanda,M,1978-11-10,Yogyakarta
C0129,Toni,M,1985-07-12,Bekasi
C0130,Intan,F,1997-05-25,Jakarta
C0131,Putri,F,1969-06-05,Denpasar
C0132,Clara,F,1979-10-26,Balikpapan
C0133,Luki,M,1981-03-23,Makassar
C0134,Umar,M,1983-02-14,Manado
C0135,Citra,F,1996-09-17,Tangerang
C0136,Lina,F,1996-03-06,Palembang
C0137,Budi,M,1962-01-27,Tangerang
C0138,Mira,F,1998-02-12,Bandung
C0139,Zahira,F,1999-10-01,Pontianak
C0140,Hafiz,M,1991-03-28,Yogyakarta
C0141,Yanti,F,1970-12-11,Semarang
C0142,Hendra,M,1994-12-01,Denpasar
C0143,Made,M,1996-01-26,Pekanbaru
C0144,Ani,F,1985-01-01,Tangerang
C0145,Ivan,M,1965-12-24,Balikpapan
C0146,Bella,F,1987-06-25,Pekanbaru
C0147,Intan,F,1980-01-01,Makassar
C0148,Bella,F,1971-08-17,Tangerang
C0149,Grace,F,1981-09-26,Tangerang
C0150,Bella,F,1963-06-23,Bekasi
C0151,Tegar,M,1975-01-24,Bogor
C0152,Joko,M,1966-10-07,Tangerang
C0153,Susan,F,1966-11-08,Palembang
C0154,Ferry,M,1978-04-14,Bogor
C0155,Zahira,F,1962-10-17,Palembang
C0156,Wulan,F,2000-08-02,Pontianak
C0157,Pandu,M,1977-01-23,Batam
C0158,Arif,M,1973-05-24,Yogyakarta
C0159,Hesti,F,1993-07-13,Banjarmasin
C0160,Krisna,M,1969-11-04,Depok
C0161,Elsa,F,1961-04-20,Yogyakarta
C0162,Priska,F,1990-06-19,Yogyakarta
C0163,Ivan,M,1965-09-22,Manado
C0164,Doni,M,1986-07-20,Pontianak
C0165,Guntur,M,1988-10-30,Denpasar
C0166,Ivan,M,1968-02-25,Surabaya
C0167,Wulan,F,1974-09-07,Palembang
C0168,Sari,F,1975-02-20,Yogyakarta
C0169,Zahira,F,1971-04-26,Bandung
C0170,Dewi,F,1993-08-07,Banjarmasin
C0171,Arif,M,1970-01-21,Bandung
C0172,Budi,M,1971-02-03,Palembang
C0173,Toni,M,1966-11-01,Tangerang
C0174,Jaka,M,1990-01-11,Medan
C0175,Ivan,M,1991-05-18,Depok
C0176,Hana,F,1987-03-06,Manado
C0177,Lukman,M,1973-12-14,Medan
C0178,Wahyu,M,1985-10-29,Yogyakarta
C0179,Tari,F,1968-11-23,Bandung
C0180,Hendra,M,1991-04-10,Bekasi
C0181,Pandu,M,1995-02-08,Surabaya
C0182,Hesti,F,1979-03-20,Malang
C0183,Luki,M,1989-01-17,Bogor
C0184,Ferry,M,1996-11-20,Batam
C0185,Gilang,M,1976-03-31,Balikpapan
C0186,Gilang,M,1967-11-25,Pekanbaru
C0187,Mira,F,1996-04-02,Banjarmasin
C0188,Clara,F,1979-07-16,Pontianak
C0189,Sari,F,1998-03-16,Tangerang
C0190,Tegar,M,1999-07-19,Balikpapan
C0191,Ivan,M,1985-07-24,Manado
C0192,Tika,F,1961-04-15,Batam
C0193,Indah,F,1981-11-14,Palembang
C0194,Nita,F,1975-04-08,Depok
C0195,Intan,F,1960-06-15,Pekanbaru
C0196,Guntur,M,1970-10-29,Denpasar
C0197,Intan,F,1994-01-03,Tangerang
C0198,Olivia,F,1991-12-06,Batam
C0199,Dewi,F,1964-03-04,Bekasi
C0200,Doni,M,1991-01-12,Tangerang
C0201,Priska,F,1986-02-01,Malang
C0202,Intan,F,1983-10-25,Malang
C0203,Vina,F,1984-09-08,Bogor
C0204,Susan,F,1980-05-09,Depok
C0205,Nita,F,1970-05-05,Medan
C0206,Yusuf,M,1965-05-12,Banjarmasin
C0207,Nanda,M,1969-09-15,Batam
C0208,Unik,F,1986-06-12,Pekanbaru
C0209,Dian,F,1997-05-07,Palembang
C0210,Lina,F,1976-03-09,Makassar
C0211,Siti,F,1991-10-05,Banjarmasin
C0212,Tegar,M,1962-01-15,Surabaya
C0213,Susan,F,1965-08-30,Batam
C0214,Andi,M,1985-10-01,Bekasi
C0215,Desi,F,1979-10-04,Bogor
C0216,Eko,M,1971-04-29,Batam
C0217,Fajar,M,1977-12-22,Batam
C0218,Pandu,M,1988-03-26,Surabaya
C0219,Kevin,M,1996-05-20,Pontianak
C0220,Citra,F,1971-02-18,Medan
C0221,Laras,F,1986-09-27,Manado
C0222,Miko,M,1977-01-23,Balikpapan
C0223,Ratna,F,1998-08-01,Pontianak
C0224,Ratna,F,1985-07-04,Manado
C0225,Toni,M,1993-03-13,Medan
C0226,Rian,M,1969-06-19,Depok
C0227,Lukman,M,1970-10-04,Makassar
C0228,Lukman,M,1960-02-13,Denpasar
C0229,Susan,F,1986-08-21,Batam
C0230,Rina,F,1970-05-20,Bekasi
C0231,Susan,F,1998-07-23,Balikpapan
C0232,Fandi,M,1970-06-21,Depok
C0233,Gilang,M,1965-02-23,Banjarmasin
C0234,Agus,M,1966-09-07,Depok
C0235,Fajar,M,1962-09-04,Makassar
C0236,Laras,F,1993-08-05,Pontianak
C0237,Bella,F,1965-07-30,Balikpapan
C0238,Susan,F,1978-01-20,Depok
C0239,Bella,F,1963-08-10,Manado
C0240,Gilang,M,1992-12-12,Bogor
C0241,Dewi,F,1964-02-05,Tangerang
C0242,Fandi,M,1996-11-05,Depok
C0243,Made,M,1981-02-07,Pekanbaru
C0244,Okta,F,1968-02-21,Pontianak
C0245,Novia,F,1996-07-10,Batam
C0246,Jaka,M,1975-08-10,Denpasar
C0247,Sari,F,1990-01-22,Medan
C0248,Zaki,M,1978-06-19,Batam
C0249,Priska,F,1977-12-18,Banjarmasin
C0250,Ivan,M,1963-12-13,Bogor
C0251,Sari,F,1965-03-14,Yogyakarta
C0252,Dimas,M,1998-12-30,Banjarmasin
C0253,Zahira,F,1962-06-07,Palembang
C0254,Mira,F,1993-12-06,Batam
C0255,Ani,F,1969-02-17,Depok
C0256,Umar,M,1979-08-27,Batam
C0257,Budi,M,1988-04-05,Manado
C0258,Hafiz,M,1967-02-07,Bekasi
C0259,Ogi,M,1978-04-20,Bandung
C0260,Irwan,M,1980-09-12,Medan
C0261,Krisna,M,1992-02-22,Bekasi
C0262,Zahira,F,1997-06-11,Batam
C0263,Maya,F,1980-06-27,Banjarmasin
C0264,Candra,M,1968-07-19,Manado
C0265,Fajar,M,1972-05-23,Denpasar
C0266,Fanny,F,1971-12-26,Jakarta
C0267,Unik,F,1973-05-23,Pontianak
C0268,Gina,F,1980-01-12,Banjarmasin
C0269,Ulfa,F,1974-11-29,Banjarmasin
C0270,Clara,F,1974-06-08,Palembang
C0271,Pandu,M,1977-03-06,Tangerang
C0272,Rina,F,1974-04-10,Batam
C0273,Wulan,F,1989-10-08,Semarang
C0274,Rina,F,1965-08-30,Pekanbaru
C0275,Dian,F,1999-03-19,Balikpapan
C0276,Miko,M,2000-11-02,Balikpapan
C0277,Ilham,M,1966-06-19,Denpasar
C0278,Fajar,M,1981-01-22,Depok
C0279,Mira,F,1991-01-27,Yogyakarta
C0280,Zaki,M,1998-03-26,Banjarmasin
C0281,Sari,F,1988-02-12,Batam
C0282,Toni,M,1963-01-26,Tangerang
C0283,Lina,F,1993-07-01,Bandung
C0284,Dian,F,1994-02-08,Medan
C0285,Hana,F,1991-02-17,Bekasi
C0286,Dedi,M,1974-07-20,Surabaya
C0287,Ulfa,F,1976-10-24,Denpasar
C0288,Rizky,M,1983-10-29,Denpasar
C0289,Lukman,M,1967-11-08,Bandung
C0290,Mira,F,1990-08-23,Tangerang
C0291,Kirana,F,1966-06-02,Tangerang
C0292,Novia,F,1971-05-24,Balikpapan
C0293,Priska,F,1960-06-02,Balikpapan
C0294,Reni,F,1984-07-08,Makassar
C0295,Haris,M,1975-07-02,Pontianak
C0296,Novia,F,1979-01-12,Depok
C0297,Ratna,F,1968-12-07,Yogyakarta
C0298,Dian,F,1970-08-22,Yogyakarta
C0299,Jasmin,F,1973-04-09,Bekasi
C0300,Dimas,M,1977-10-02,Depok
C0301,Pandu,M,1998-10-21,Surabaya
C0302,Putri,F,1994-10-18,Tangerang
C0303,Lina,F,1988-07-22,Palembang
C0304,Reni,F,1993-11-22,Semarang
C0305,Rian,M,1988-12-28,Surabaya
C0306,Bella,F,1961-06-30,Pontianak
C0307,Unik,F,1965-11-23,Bandung
C0308,Sari,F,1993-07-12,Denpasar
C0309,Nanda,M,1965-12-05,Banjarmasin
C0310,Grace,F,1982-07-05,Depok
C0311,Sandi,M,2000-12-31,Batam
C0312,Vina,F,1999-01-16,Bogor
C0313,Ivan,M,1963-05-18,Semarang
C0314,Fandi,M,1992-06-26,Yogyakarta
C0315,Citra,F,1995-06-20,Yogyakarta
C0316,Sandi,M,1984-01-26,Medan
C0317,Vera,F,1990-03-07,Depok
C0318,Novia,F,1976-08-30,Medan
C0319,Jaka,M,1961-02-14,Manado
C0320,Mira,F,1969-12-05,Bandung
C0321,Susan,F,1973-07-22,Denpasar
C0322,Joko,M,1962-01-12,Surabaya
C0323,Elsa,F,1965-03-17,Medan
C0324,Nanang,M,1966-01-31,Yogyakarta
C0325,Vera,F,1990-01-28,Banjarmasin
C0326,Kirana,F,1993-04-18,Semarang
C0327,Olivia,F,1964-06-10,Batam
C0328,Okta,F,1961-06-20,Malang
C0329,Haris,M,1979-12-12,Tangerang
C0330,Dian,F,1990-10-04,Malang
C0331,Ani,F,1977-11-10,Depok
C0332,Irwan,M,1998-01-15,Balikpapan
C0333,Dimas,M,1969-07-07,Manado
C0334,Eko,M,1995-04-17,Bogor
C0335,Joko,M,1995-04-20,Pontianak
C0336,Fajar,M,1997-03-22,Banjarmasin
C0337,Rama,M,1969-09-08,Tangerang
C0338,Gina,F,1995-05-18,Manado
C0339,Tegar,M,1998-07-04,Semarang
C0340,Nanang,M,1971-03-30,Makassar
C0341,Dimas,M,1998-11-12,Jakarta
C0342,Andi,M,1976-01-26,Tangerang
C0343,Dewi,F,1967-10-25,Depok
C0344,Joko,M,1993-04-09,Denpasar
C0345,Jamal,M,1962-11-07,Batam
C0346,Vera,F,1983-01-08,Pontianak
C0347,Haris,M,1982-08-07,Tangerang
C0348,Ilham,M,1995-02-18,Pekanbaru
C0349,Clara,F,1988-11-09,Jakarta
C0350,Jaka,M,1998-01-03,Yogyakarta
C0351,Reni,F,1964-11-03,Batam
C0352,Bunga,F,2000-05-03,Bandung
C0353,Laras,F,1966-08-27,Bandung
C0354,Tegar,M,1988-01-02,Pontianak
C0355,Wulan,F,1986-10-18,Pekanbaru
C0356,Clara,F,1982-09-04,Manado
C0357,Dian,F,1995-07-30,Medan
C0358,Gilang,M,1980-04-03,Tangerang
C0359,Tika,F,1997-02-11,Balikpapan
C0360,Zahira,F,1992-09-22,Medan
C0361,Ayu,F,1974-01-07,Depok
C0362,Gina,F,1990-10-22,Batam
C0363,Guntur,M,1997-04-23,Bandung
C0364,Gilang,M,1964-05-01,Malang
C0365,Ogi,M,1962-09-09,Pontianak
C0366,Priska,F,1965-06-25,Denpasar
C0367,Priska,F,1993-08-27,Denpasar
C0368,Umar,M,1986-12-07,Bekasi
C0369,Dian,F,1985-12-03,Pekanbaru
C0370,Kevin,M,1989-06-16,Batam
C0371,Hendra,M,1975-09-15,Banjarmasin
C0372,Erna,F,1994-03-17,Depok
C0373,Gilang,M,1997-11-29,Banjarmasin
C0374,Surya,M,1989-07-04,Depok
C0375,Made,M,1972-04-04,Bekasi
C0376,Ulfa,F,1960-04-10,Makassar
C0377,Pandu,M,1989-06-26,Yogyakarta
C0378,Kevin,M,1993-03-28,Jakarta
C0379,Jamal,M,1983-10-18,Palembang
C0380,Zahira,F,1980-05-07,Bogor
C0381,Bayu,M,1973-12-23,Bogor
C0382,Eko,M,1966-12-24,Makassar
C0383,Fandi,M,1963-08-29,Depok
C0384,Priska,F,1979-01-08,Batam
C0385,Zahira,F,1972-04-02,Palembang
C0386,Arif,M,1979-04-14,Medan
C0387,Reni,F,1990-06-08,Pontianak
C0388,Grace,F,1989-12-04,Bekasi
C0389,Putu,M,1977-09-23,Manado
C0390,Andi,M,1969-03-03,Bekasi
C0391,Joko,M,1994-04-12,Depok
C0392,Sari,F,1965-05-19,Jakarta
C0393,Vina,F,1979-04-26,Makassar
C0394,Candra,M,1983-11-21,Tangerang
C0395,Bunga,F,1977-10-23,Surabaya
C0396,Dewi,F,1980-08-15,Bandung
C0397,Jasmin,F,1979-04-04,Pontianak
C0398,Tari,F,1988-09-18,Denpasar
C0399,Erna,F,1978-03-03,Jakarta
C0400,Hana,F,1995-12-11,Manado
C0401,Susan,F,1976-03-25,Bandung
C0402,Dian,F,1970-11-30,Denpasar
C0403,Grace,F,1963-07-12,Yogyakarta
C0404,Vina,F,1975-03-25,Tangerang
C0405,Hana,F,1963-06-05,Pekanbaru
C0406,Miko,M,1982-11-16,Palembang
C0407,Ulfa,F,1992-08-17,Semarang
C0408,Hendra,M,1966-07-27,Depok
C0409,Made,M,1987-01-08,Semarang
C0410,Made,M,1994-09-01,Batam
C0411,Jasmin,F,1994-01-31,Pontianak
C0412,Reni,F,1999-07-26,Pontianak
C0413,Novia,F,1974-03-07,Semarang
C0414,Bunga,F,1981-01-12,Balikpapan
C0415,Okta,F,1986-07-12,Surabaya
C0416,Fanny,F,1963-04-30,Bekasi
C0417,Bella,F,1961-09-08,Surabaya
C0418,Putri,F,1963-06-11,Bandung
C0419,Clara,F,1986-01-12,Banjarmasin
C0420,Haris,M,2000-10-10,Pontianak
C0421,Yusuf,M,1987-02-20,Batam
C0422,Eko,M,1980-03-17,Medan
C0423,Tari,F,1963-10-13,Pekanbaru
C0424,Dedi,M,1971-02-11,Balikpapan
C0425,Grace,F,1983-06-13,Manado
C0426,Bayu,M,1976-09-21,Bekasi
C0427,Zahira,F,1994-09-27,Bogor
C0428,Rian,M,1989-01-13,Bogor
C0429,Zaki,M,1964-03-28,Banjarmasin
C0430,Putri,F,1971-04-21,Manado
C0431,Zaki,M,1963-08-28,Pontianak
C0432,Arif,M,1973-11-30,Yogyakarta
C0433,Surya,M,1991-10-18,Bandung
C0434,Intan,F,1976-11-23,Bogor
C0435,Dimas,M,1991-07-12,Pekanbaru
C0436,Agus,M,1990-01-27,Denpasar
C0437,Dewi,F,1976-04-06,Bekasi
C0438,Oscar,M,1975-04-30,Batam
C0439,Putu,M,1966-03-03,Semarang
C0440,Umar,M,1997-11-17,Medan
C0441,Dimas,M,1975-02-08,Manado
C0442,Surya,M,1976-11-24,Semarang
C0443,Made,M,1997-04-16,Manado
C0444,Ilham,M,1979-08-19,Surabaya
C0445,Vera,F,1990-05-04,Tangerang
C0446,Mira,F,1972-10-12,Balikpapan
C0447,Nanang,M,1970-09-23,Bekasi
C0448,Julia,F,1976-07-01,Pontianak
C0449,Clara,F,1994-07-07,Bekasi
C0450,Fanny,F,1983-08-29,Denpasar
C0451,Nanda,M,1995-12-10,Manado
C0452,Sandi,M,1962-05-04,Batam
C0453,Intan,F,1964-08-07,Pekanbaru
C0454,Umar,M,1963-10-06,Makassar
C0455,Bella,F,2000-08-10,Pekanbaru
C0456,Gilang,M,1964-02-11,Tangerang
C0457,Ulfa,F,1961-03-12,Denpasar
C0458,Doni,M,1982-07-08,Malang
C0459,Candra,M,1963-08-30,Malang
C0460,Budi,M,1974-04-18,Medan
C0461,Gina,F,1966-03-04,Surabaya
C0462,Desi,F,1991-03-23,Semarang
C0463,Bella,F,1987-08-08,Jakarta
C0464,Budi,M,1971-06-25,Palembang
C0465,Ogi,M,1992-08-15,Manado
C0466,Erna,F,1994-10-25,Bekasi
C0467,Wahyu,M,1965-06-19,Surabaya
C0468,Ferry,M,1988-08-29,Manado
C0469,Bunga,F,1964-12-21,Batam
C0470,Rian,M,1983-02-12,Pontianak
C0471,Hafiz,M,1966-06-10,Bekasi
C0472,Siti,F,1987-07-31,Malang
C0473,Pandu,M,1978-09-08,Makassar
C0474,Miko,M,1976-03-05,Bandung
C0475,Candra,M,1999-03-05,Batam
C0476,Rian,M,1977-05-09,Malang
C0477,Vina,F,1960-09-23,Malang
C0478,Arif,M,1970-10-25,Medan
C0479,Fitri,F,1961-12-27,Malang
C0480,Olivia,F,1967-11-08,Balikpapan
C0481,Novia,F,1968-03-05,Semarang
C0482,Hafiz,M,1994-10-26,Balikpapan
C0483,Umar,M,1969-01-15,Surabaya
C0484,Dedi,M,1974-02-26,Bekasi
C0485,Hesti,F,1981-03-27,Depok
C0486,Agus,M,1968-07-28,Bekasi
C0487,Ani,F,1998-11-02,Bogor
C0488,Erna,F,1995-11-09,Malang
C0489,Yanti,F,1993-05-05,Balikpapan
C0490,Tika,F,1968-05-18,Batam
C0491,Vera,F,1995-10-06,Pekanbaru
C0492,Citra,F,1992-08-12,Denpasar
C0493,Gilang,M,1987-01-09,Makassar
C0494,Sari,F,1964-08-07,Bandung
C0495,Priska,F,1973-04-05,Bekasi
C0496,Laras,F,1992-03-11,Denpasar
C0497,Galih,M,1979-11-29,Malang
C0498,Rina,F,1992-08-08,Malang
C0499,Okta,F,1988-09-07,Surabaya
C0500,Dimas,M,1988-08-06,Yogyakarta
C0501,Fanny,F,1995-12-08,Makassar
C0502,Kevin,M,1998-01-25,Manado
C0503,Rina,F,1965-08-30,Bandung
C0504,Agus,M,1976-06-06,Malang
C0505,Jasmin,F,1961-06-14,Manado
C0506,Fandi,M,1980-03-07,Malang
C0507,Bella,F,1994-03-25,Bandung
C0508,Miko,M,1976-06-17,Yogyakarta
C0509,Olivia,F,1972-07-02,Tangerang
C0510,Budi,M,1992-12-31,Makassar
C0511,Grace,F,1977-05-11,Banjarmasin
C0512,Sandi,M,1994-10-06,Depok
C0513,Kartika,F,1987-06-12,Bekasi
C0514,Julia,F,1965-07-02,Semarang
C0515,Haris,M,1967-09-29,Balikpapan
C0516,Fandi,M,1997-12-05,Bogor
C0517,Tari,F,1962-11-29,Banjarmasin
C0518,Ratna,F,1998-03-10,Makassar
C0519,Bayu,M,1982-10-27,Tangerang
C0520,Nanda,M,1995-07-13,Semarang
C0521,Krisna,M,1961-03-06,Malang
C0522,Clara,F,1996-01-19,Banjarmasin
C0523,Toni,M,1999-08-31,Bandung
C0524,Wahyu,M,1977-11-10,Batam
C0525,Zahira,F,1996-12-06,Pontianak
C0526,Joko,M,1974-03-22,Bandung
C0527,Clara,F,1990-07-04,Pekanbaru
C0528,Fitri,F,1999-05-20,Banjarmasin
C0529,Joko,M,1979-05-29,Pekanbaru
C0530,Irwan,M,1983-03-29,Semarang
C0531,Hana,F,1967-04-07,Bogor
C0532,Arif,M,1983-04-11,Bekasi
C0533,Sandi,M,1968-10-21,Banjarmasin
C0534,Fitri,F,1988-01-14,Bekasi
C0535,Luki,M,1988-10-01,Makassar
C0536,Lukman,M,1989-07-19,Manado
C0537,Jasmin,F,1961-11-05,Jakarta
C0538,Dedi,M,1988-10-09,Pontianak
C0539,Olivia,F,1969-06-15,Pontianak
C0540,Mira,F,1988-08-30,Jakarta
C0541,Novia,F,1984-06-21,Bekasi
C0542,Desi,F,1970-12-26,Yogyakarta
C0543,Clara,F,1963-04-10,Surabaya
C0544,Haris,M,1978-08-23,Batam
C0545,Kartika,F,1975-04-05,Manado
C0546,Yusuf,M,1998-08-23,Bogor
C0547,Yanti,F,1965-11-12,Malang
C0548,Yusuf,M,1970-11-04,Balikpapan
C0549,Tegar,M,1980-03-02,Tangerang
C0550,Hendra,M,1962-04-09,Bekasi
C0551,Mira,F,1978-10-03,Tangerang
C0552,Yusuf,M,1985-11-29,Bogor
C0553,Lukman,M,1982-05-08,Pekanbaru
C0554,Elsa,F,1999-06-07,Bekasi
C0555,Dewi,F,1964-01-15,Yogyakarta
C0556,Maya,F,1969-08-25,Pontianak
C0557,Ani,F,1962-04-08,Bekasi
C0558,Laras,F,1999-07-31,Batam
C0559,Hesti,F,1960-05-13,Medan
C0560,Fitri,F,1999-08-02,Depok
C0561,Yanti,F,1976-05-31,Surabaya
C0562,Ani,F,1985-07-31,Banjarmasin
C0563,Bayu,M,1984-10-25,Bekasi
C0564,Candra,M,1982-08-14,Balikpapan
C0565,Mira,F,1990-07-09,Manado
C0566,Joko,M,1964-05-03,Yogyakarta
C0567,Tika,F,1985-01-08,Malang
C0568,Nanda,M,1987-01-09,Pekanbaru
C0569,Fanny,F,1961-10-21,Surabaya
C0570,Joko,M,1992-01-04,Bogor
C0571,Grace,F,1980-07-01,Semarang
C0572,Yusuf,M,1987-07-02,Bogor
C0573,Doni,M,1987-08-27,Bekasi
C0574,Fanny,F,1997-02-25,Pekanbaru
C0575,Tari,F,1985-04-01,Bekasi
C0576,Dewi,F,1976-07-10,Bogor
C0577,Ferry,M,1986-03-08,Bekasi
C0578,Surya,M,1981-04-15,Depok
C0579,Ilham,M,1962-04-21,Pontianak
C0580,Hana,F,1983-07-08,Manado
C0581,Gina,F,1996-11-09,Tangerang
C0582,Pandu,M,1991-06-04,Medan
C0583,Budi,M,1979-10-13,Bogor
C0584,Gina,F,1978-07-10,Palembang
C0585,Fanny,F,1994-10-06,Manado
C0586,Vina,F,1992-08-17,Surabaya
C0587,Miko,M,1969-04-20,Banjarmasin
C0588,Priska,F,1981-06-16,Pekanbaru
C0589,Sari,F,1967-10-08,Balikpapan
C0590,Hesti,F,1975-11-22,Depok
C0591,Julia,F,1971-01-21,Depok
C0592,Lina,F,1973-05-08,Bekasi
C0593,Galih,M,1991-08-16,Batam
C0594,Desi,F,1975-08-24,Banjarmasin
C0595,Putri,F,1965-06-19,Pontianak
C0596,Yanti,F,1996-09-16,Malang
C0597,Umar,M,1961-11-20,Bekasi
C0598,Arif,M,1979-11-04,Depok
C0599,Kartika,F,1969-01-23,Banjarmasin
C0600,Intan,F,1991-03-25,Depok
C0601,Hendra,M,1987-08-14,Pontianak
C0602,Rizky,M,1962-04-11,Pekanbaru
C0603,Rian,M,1970-06-11,Surabaya
C0604,Ferry,M,1974-10-25,Batam
C0605,Fandi,M,1994-07-29,Semarang
C0606,Ogi,M,1967-01-31,Denpasar
C0607,Desi,F,1989-03-07,Palembang
C0608,Sari,F,1972-10-20,Surabaya
C0609,Agus,M,1985-10-02,Tangerang
C0610,Made,M,1978-09-29,Makassar
C0611,Doni,M,1995-05-06,Batam
C0612,Jamal,M,1999-02-16,Bekasi
C0613,Andi,M,1973-05-20,Pontianak
C0614,Zaki,M,1972-10-06,Balikpapan
C0615,Fitri,F,1998-03-05,Pekanbaru
C0616,Okta,F,1968-08-25,Medan
C0617,Hana,F,1992-10-17,Balikpapan
C0618,Tari,F,1968-05-08,Jakarta
C0619,Putri,F,1985-06-20,Palembang
C0620,Toni,M,1998-05-28,Yogyakarta
C0621,Fanny,F,1974-09-16,Bandung
C0622,Priska,F,1964-04-11,Makassar
C0623,Jaka,M,1974-07-07,Tangerang
C0624,Sandi,M,1977-03-16,Tangerang
C0625,Okta,F,1974-10-14,Bekasi
C0626,Sandi,M,1989-04-27,Malang
C0627,Eko,M,1989-12-15,Medan
C0628,Ratna,F,1967-03-01,Yogyakarta
C0629,Susan,F,1965-04-07,Bekasi
C0630,Mira,F,1969-11-27,Tangerang
C0631,Jaka,M,1966-11-14,Balikpapan
C0632,Zahira,F,1991-06-27,Banjarmasin
C0633,Hesti,F,1995-12-22,Palembang
C0634,Fandi,M,1993-11-08,Manado
C0635,Miko,M,1980-01-15,Pekanbaru
C0636,Bunga,F,1985-04-22,Medan
C0637,Ogi,M,2000-07-01,Pekanbaru
C0638,Pandu,M,1984-01-27,Semarang
C0639,Yusuf,M,1998-04-30,Pekanbaru
C0640,Erna,F,1990-07-07,Palembang
C0641,Citra,F,2000-04-27,Pekanbaru
C0642,Ani,F,1980-05-04,Semarang
C0643,Clara,F,1985-04-18,Surabaya
C0644,Reni,F,1996-03-12,Bekasi
C0645,Doni,M,1971-06-01,Jakarta
C0646,Rama,M,1963-04-11,Surabaya
C0647,Ulfa,F,1991-06-02,Bandung
C0648,Fajar,M,1981-03-05,Surabaya
C0649,Zahira,F,1968-01-27,Semarang
C0650,Vera,F,1999-12-25,Yogyakarta
C0651,Wulan,F,1976-11-06,Bandung
C0652,Agus,M,1998-08-03,Malang
C0653,Made,M,1984-02-06,Yogyakarta
C0654,Ilham,M,1969-12-27,Jakarta
C0655,Wahyu,M,1980-10-07,Banjarmasin
C0656,Hesti,F,1977-01-05,Tangerang
C0657,Ivan,M,1975-07-12,Semarang
C0658,Julia,F,1999-04-05,Medan
C0659,Dimas,M,1978-10-21,Manado
C0660,Rizky,M,1969-03-30,Bandung
C0661,Surya,M,1961-07-04,Balikpapan
C0662,Rizky,M,1993-03-21,Surabaya
C0663,Bella,F,1970-07-06,Banjarmasin
C0664,Eko,M,1966-04-14,Pekanbaru
C0665,Lina,F,1996-08-04,Pontianak
C0666,Jasmin,F,1986-10-27,Bogor
C0667,Wahyu,M,1999-04-22,Semarang
C0668,Ferry,M,1973-06-24,Depok
C0669,Ogi,M,1986-07-16,Makassar
C0670,Intan,F,1982-03-26,Surabaya
C0671,Olivia,F,1990-02-11,Yogyakarta
C0672,Susan,F,1978-09-04,Denpasar
C0673,Wahyu,M,1976-11-19,Makassar
C0674,Maya,F,1998-02-05,Tangerang
C0675,Tari,F,1966-06-23,Balikpapan
C0676,Ogi,M,1978-07-06,Denpasar
C0677,Candra,M,1970-11-22,Depok
C0678,Zaki,M,1989-01-03,Bandung
C0679,Vera,F,1964-02-23,Banjarmasin
C0680,Eko,M,1972-01-16,Yogyakarta
C0681,Fajar,M,1968-06-09,Pontianak
C0682,Jaka,M,1969-05-15,Bogor
C0683,Siti,F,1969-07-02,Palembang
C0684,Jamal,M,1993-11-01,Batam
C0685,Galih,M,1987-02-10,Palembang
C0686,Maya,F,1984-10-06,Bogor
C0687,Wulan,F,1980-11-30,Banjarmasin
C0688,Ratna,F,1971-09-25,Malang
C0689,Clara,F,1964-06-03,Batam
C0690,Kartika,F,1976-08-17,Bogor
C0691,Rina,F,1985-03-26,Tangerang
C0692,Budi,M,1971-09-12,Banjarmasin
C0693,Putri,F,1966-11-02,Palembang
C0694,Lina,F,1977-01-14,Pontianak
C0695,Krisna,M,1984-09-12,Bogor
C0696,Elsa,F,1992-06-15,Batam
C0697,Hana,F,1992-11-13,Malang
C0698,Joko,M,1992-04-23,Banjarmasin
C0699,Indah,F,1999-11-23,Banjarmasin
C0700,Miko,M,1961-07-08,Bandung
C0701,Andi,M,1978-07-01,Semarang
C0702,Fajar,M,1991-09-21,Semarang
C0703,Oscar,M,1982-09-07,Balikpapan
C0704,Ani,F,1987-09-18,Manado
C0705,Priska,F,1981-11-19,Jakarta
C0706,Nanang,M,1984-09-29,Denpasar
C0707,Budi,M,1983-09-30,Depok
C0708,Dewi,F,1982-07-12,Denpasar
C0709,Hendra,M,1964-04-27,Pekanbaru
C0710,Rizky,M,1968-08-10,Manado
C0711,Ulfa,F,1971-12-28,Yogyakarta
C0712,Bayu,M,1978-03-19,Balikpapan
C0713,Galih,M,1970-02-17,Bekasi
C0714,Agus,M,1998-07-01,Surabaya
C0715,Doni,M,1977-01-04,Yogyakarta
C0716,Ani,F,1988-07-24,Jakarta
C0717,Guntur,M,1982-06-03,Denpasar
C0718,Jasmin,F,1998-06-26,Medan
C0719,Putu,M,1969-06-25,Pontianak
C0720,Okta,F,1962-02-01,Bandung
C0721,Hesti,F,1985-04-11,Surabaya
C0722,Yusuf,M,1960-09-13,Palembang
C0723,Hafiz,M,1996-10-27,Yogyakarta
C0724,Wahyu,M,1967-04-15,Pontianak
C0725,Pandu,M,1997-06-09,Yogyakarta
C0726,Wulan,F,1993-11-22,Semarang
C0727,Luki,M,1993-06-09,Malang
C0728,Hendra,M,1979-08-10,Tangerang
C0729,Zaki,M,1987-02-23,Manado
C0730,Sari,F,1961-04-30,Depok
C0731,Elsa,F,1970-03-26,Malang
C0732,Ayu,F,1968-05-01,Pontianak
C0733,Citra,F,1994-08-21,Manado
C0734,Maya,F,1991-12-27,Bandung
C0735,Tegar,M,1966-12-01,Yogyakarta
C0736,Jamal,M,1977-06-23,Bogor
C0737,Dian,F,1964-02-08,Jakarta
C0738,Bella,F,1976-02-22,Depok
C0739,Joko,M,1963-12-01,Makassar
C0740,Bella,F,1984-12-25,Banjarmasin
C0741,Dian,F,1961-03-06,Bandung
C0742,Intan,F,1964-03-04,Manado
C0743,Wulan,F,1960-07-21,Bekasi
C0744,Wulan,F,1994-12-13,Bandung
C0745,Pandu,M,1983-05-17,Makassar
C0746,Hana,F,1966-03-24,Depok
C0747,Okta,F,1982-02-13,Semarang
C0748,Lukman,M,1979-07-01,Depok
C0749,Ratna,F,1981-09-20,Bandung
C0750,Nita,F,1971-01-23,Batam
C0751,Ivan,M,1964-10-18,Semarang
C0752,Siti,F,1977-10-01,Bogor
C0753,Tika,F,1979-09-30,Bogor
C0754,Olivia,F,1986-08-30,Semarang
C0755,Sari,F,1987-01-22,Palembang
C0756,Sari,F,1967-12-20,Yogyakarta
C0757,Putri,F,1992-12-18,Batam
C0758,Yusuf,M,1976-11-13,Depok
C0759,Vera,F,1965-02-08,Pontianak
C0760,Rama,M,1984-06-22,Makassar
C0761,Ilham,M,1980-09-15,Palembang
C0762,Putri,F,1997-04-15,Bandung
C0763,Reni,F,1982-05-25,Semarang
C0764,Maya,F,1971-05-02,Semarang
C0765,Wulan,F,1963-04-26,Balikpapan
C0766,Kirana,F,1977-12-23,Banjarmasin
C0767,Hesti,F,1961-08-25,Malang
C0768,Hendra,M,1994-06-29,Tangerang
C0769,Hana,F,1989-01-08,Manado
C0770,Pandu,M,1988-12-07,Yogyakarta
C0771,Ayu,F,1964-10-01,Jakarta
C0772,Sandi,M,1969-12-16,Pekanbaru
C0773,Haris,M,1976-10-12,Yogyakarta
C0774,Reni,F,1986-05-27,Pekanbaru
C0775,Arif,M,1961-02-06,Batam
C0776,Umar,M,1978-08-29,Bandung
C0777,Ilham,M,1966-05-10,Malang
C0778,Tika,F,1980-06-04,Palembang
C0779,Ulfa,F,1981-05-11,Medan
C0780,Unik,F,1991-04-03,Balikpapan
C0781,Bunga,F,1973-06-20,Surabaya
C0782,Budi,M,1998-02-02,Bogor
C0783,Fandi,M,1995-11-21,Makassar
C0784,Miko,M,1967-10-29,Banjarmasin
C0785,Zaki,M,1985-02-10,Denpasar
C0786,Lina,F,1995-10-14,Yogyakarta
C0787,Made,M,1988-09-23,Denpasar
C0788,Dewi,F,1993-01-28,Manado
C0789,Haris,M,1986-07-25,Denpasar
C0790,Siti,F,1991-08-12,Palembang
C0791,Tegar,M,1993-09-30,Bandung
C0792,Nanang,M,1968-05-21,Malang
C0793,Julia,F,1980-07-10,Medan
C0794,Priska,F,1998-09-11,Batam
C0795,Laras,F,1977-06-07,Manado
C0796,Kirana,F,1965-02-14,Malang
C0797,Clara,F,1987-09-10,Makassar
C0798,Mira,F,1986-06-22,Bandung
C0799,Yusuf,M,1965-04-15,Tangerang
C0800,Erna,F,1968-03-18,Malang
C0801,Luki,M,1977-06-04,Denpasar
C0802,Pandu,M,1977-03-18,Denpasar
C0803,Krisna,M,1988-07-04,Banjarmasin
C0804,Ogi,M,1967-06-26,Batam
C0805,Fitri,F,1968-05-23,Bogor
C0806,Mira,F,1962-05-28,Malang
C0807,Krisna,M,1966-02-14,Palembang
C0808,Intan,F,1982-09-03,Batam
C0809,Reni,F,1982-01-21,Denpasar
C0810,Elsa,F,1967-07-03,Bandung
C0811,Putu,M,1973-02-06,Surabaya
C0812,Lina,F,1984-02-12,Bekasi
C0813,Ivan,M,1985-05-16,Batam
C0814,Pandu,M,1965-02-14,Depok
C0815,Hesti,F,1996-11-24,Surabaya
C0816,Hesti,F,1969-10-20,Denpasar
C0817,Jamal,M,1997-03-26,Tangerang
C0818,Rina,F,1980-03-04,Depok
C0819,Citra,F,1979-09-11,Medan
C0820,Oscar,M,1996-05-13,Pontianak
C0821,Tari,F,1987-05-17,Denpasar
C0822,Toni,M,1966-03-31,Palembang
C0823,Eko,M,1985-07-28,Malang
C0824,Laras,F,1984-03-02,Makassar
C0825,Tari,F,1973-02-15,Bekasi
C0826,Fanny,F,2000-05-18,Medan
C0827,Ferry,M,1962-08-29,Depok
C0828,Galih,M,1998-11-06,Semarang
C0829,Kevin,M,1991-11-29,Bogor
C0830,Fandi,M,1977-08-13,Batam
C0831,Pandu,M,1988-05-14,Depok
C0832,Wulan,F,1980-04-10,Bandung
C0833,Doni,M,1983-02-16,Depok
C0834,Clara,F,1981-11-22,Bogor
C0835,Ilham,M,1964-03-06,Balikpapan
C0836,Bunga,F,1995-09-10,Banjarmasin
C0837,Kartika,F,1979-04-10,Palembang
C0838,Okta,F,1974-06-25,Bekasi
C0839,Intan,F,1985-12-03,Semarang
C0840,Tika,F,2000-02-09,Surabaya
C0841,Hendra,M,1988-02-02,Balikpapan
C0842,Irwan,M,1998-06-21,Makassar
C0843,Clara,F,1960-01-12,Denpasar
C0844,Galih,M,2000-10-16,Semarang
C0845,Hana,F,1999-03-23,Depok
C0846,Agus,M,1976-03-02,Depok
C0847,Bayu,M,1989-10-22,Makassar
C0848,Doni,M,1988-01-23,Bekasi
C0849,Gilang,M,1989-05-27,Bandung
C0850,Andi,M,1969-07-28,Batam
C0851,Joko,M,1986-08-18,Tangerang
C0852,Siti,F,1960-05-12,Bogor
C0853,Gilang,M,1991-02-18,Semarang
C0854,Bunga,F,1970-04-09,Yogyakarta
C0855,Ilham,M,1996-02-25,Medan
C0856,Yusuf,M,1976-06-27,Bekasi
C0857,Candra,M,1994-09-11,Semarang
C0858,Fajar,M,1983-10-18,Pontianak
C0859,Toni,M,1989-02-26,Makassar
C0860,Ulfa,F,1992-05-28,Palembang
C0861,Ferry,M,1987-08-20,Balikpapan
C0862,Guntur,M,2000-03-20,Medan
C0863,Irwan,M,1986-06-12,Yogyakarta
C0864,Ayu,F,1974-02-08,Semarang
C0865,Tegar,M,1988-11-30,Bandung
C0866,Ogi,M,1986-12-16,Manado
C0867,Susan,F,1961-03-15,Bekasi
C0868,Miko,M,1987-03-23,Pekanbaru
C0869,Jamal,M,1977-07-28,Bekasi
C0870,Rizky,M,1982-03-14,Yogyakarta
C0871,Rizky,M,1982-05-30,Manado
C0872,Miko,M,1999-11-12,Jakarta
C0873,Sari,F,1965-12-02,Yogyakarta
C0874,Vera,F,1984-07-04,Makassar
C0875,Bunga,F,1960-09-30,Pontianak
C0876,Andi,M,1971-10-05,Palembang
C0877,Eko,M,1995-05-28,Yogyakarta
C0878,Novia,F,1991-12-19,Pekanbaru
C0879,Ayu,F,1991-06-25,Yogyakarta
C0880,Rian,M,1984-01-26,Banjarmasin
C0881,Tegar,M,1963-10-01,Bekasi
C0882,Luki,M,1969-02-11,Semarang
C0883,Yanti,F,1986-04-22,Bandung
C0884,Susan,F,1979-08-16,Tangerang
C0885,Rizky,M,1963-11-13,Denpasar
C0886,Ivan,M,1987-06-19,Manado
C0887,Wahyu,M,1989-11-17,Makassar
C0888,Andi,M,1991-10-03,Semarang
C0889,Lukman,M,1982-04-08,Malang
C0890,Hana,F,1976-09-05,Semarang
C0891,Unik,F,1999-10-06,Medan
C0892,Zaki,M,1996-03-15,Denpasar
C0893,Grace,F,1962-11-12,Depok
C0894,Krisna,M,1980-06-01,Pekanbaru
C0895,Ani,F,1982-05-30,Pontianak
C0896,Bayu,M,1967-01-21,Depok
C0897,Pandu,M,1990-03-28,Medan
C0898,Jamal,M,1982-10-28,Jakarta
C0899,Andi,M,1970-12-20,Surabaya
C0900,Vera,F,1977-03-06,Semarang
C0901,Dedi,M,1984-10-19,Denpasar
C0902,Yusuf,M,1971-02-19,Denpasar
C0903,Okta,F,1997-01-19,Bandung
C0904,Erna,F,1982-07-09,Surabaya
C0905,Putu,M,1996-01-30,Pekanbaru
C0906,Doni,M,1963-02-03,Balikpapan
C0907,Ratna,F,1974-09-06,Bandung
C0908,Siti,F,1976-07-19,Palembang
C0909,Jasmin,F,1995-03-11,Bekasi
C0910,Ivan,M,1976-07-08,Pontianak
C0911,Julia,F,1992-11-08,Banjarmasin
C0912,Kevin,M,1960-04-14,Denpasar
C0913,Putu,M,1984-04-16,Malang
C0914,Zaki,M,1960-01-24,Yogyakarta
C0915,Dian,F,1969-03-15,Pekanbaru
C0916,Ferry,M,1982-01-26,Surabaya
C0917,Hafiz,M,1972-07-20,Bandung
C0918,Putu,M,2000-04-01,Pekanbaru
C0919,Susan,F,2000-03-04,Malang
C0920,Vina,F,1963-10-23,Pontianak
C0921,Luki,M,1965-12-27,Yogyakarta
C0922,Rama,M,1985-06-21,Surabaya
C0923,Priska,F,1965-11-11,Tangerang
C0924,Nita,F,1998-03-03,Bogor
C0925,Susan,F,1997-04-25,Bogor
C0926,Bella,F,1972-03-13,Tangerang
C0927,Nanda,M,1966-02-08,Pontianak
C0928,Kevin,M,1964-09-27,Makassar
C0929,Clara,F,1974-02-01,Denpasar
C0930,Nanang,M,1976-01-27,Palembang
C0931,Ratna,F,1980-10-13,Depok
C0932,Guntur,M,1967-01-26,Bekasi
C0933,Oscar,M,1997-06-30,Bogor
C0934,Guntur,M,1991-11-25,Tangerang
C0935,Yanti,F,1983-01-12,Surabaya
C0936,Nita,F,1996-10-14,Makassar
C0937,Doni,M,1998-05-02,Balikpapan
C0938,Hendra,M,1980-09-22,Medan
C0939,Irwan,M,1960-07-14,Surabaya
C0940,Joko,M,1968-11-20,Yogyakarta
C0941,Reni,F,1988-04-09,Bandung
C0942,Bunga,F,1960-12-23,Bandung
C0943,Agus,M,1979-11-22,Semarang
C0944,Zaki,M,1965-06-30,Surabaya
C0945,Ani,F,1967-07-15,Pontianak
C0946,Unik,F,1977-09-19,Batam
C0947,Candra,M,1990-08-24,Denpasar
C0948,Arif,M,1969-08-18,Makassar
C0949,Okta,F,1980-01-03,Semarang
C0950,Toni,M,1987-10-10,Manado
C0951,Agus,M,1973-03-28,Batam
C0952,Intan,F,1981-06-27,Surabaya
C0953,Tegar,M,1977-03-07,Semarang
C0954,Julia,F,1988-10-29,Pekanbaru
C0955,Rian,M,1995-12-25,Banjarmasin
C0956,Candra,M,1995-01-27,Malang
C0957,Hesti,F,1995-01-20,Batam
C0958,Jasmin,F,1982-07-15,Bogor
C0959,Okta,F,1968-01-25,Jakarta
C0960,Laras,F,1969-10-28,Jakarta
C0961,Ani,F,1996-04-09,Batam
C0962,Kirana,F,1970-06-10,Makassar
C0963,Rizky,M,1989-06-19,Tangerang
C0964,Hesti,F,1996-08-13,Surabaya
C0965,Pandu,M,1997-12-21,Yogyakarta
C0966,Indah,F,1967-11-25,Tangerang
C0967,Vina,F,1991-04-17,Malang
C0968,Hafiz,M,1991-06-04,Malang
C0969,Pandu,M,1968-06-11,Batam
C0970,Indah,F,1981-12-31,Surabaya
C0971,Eko,M,1970-06-08,Manado
C0972,Budi,M,1983-08-13,Batam
C0973,Zaki,M,1987-07-19,Palembang
C0974,Zaki,M,1992-02-28,Makassar
C0975,Ani,F,1960-12-25,Semarang
C0976,Irwan,M,1997-12-20,Pekanbaru
C0977,Bunga,F,1976-10-03,Yogyakarta
C0978,Zaki,M,1973-07-15,Bogor
C0979,Lukman,M,1992-11-06,Denpasar
C0980,Olivia,F,1974-03-26,Makassar
C0981,Lina,F,1989-11-08,Pontianak
C0982,Candra,M,1973-10-05,Bekasi
C0983,Made,M,1992-09-10,Jakarta
C0984,Jasmin,F,1961-06-14,Makassar
C0985,Mira,F,1969-11-28,Pontianak
C0986,Krisna,M,1966-04-23,Bogor
C0987,Rizky,M,1975-07-23,Bogor
C0988,Rian,M,1999-09-18,Bandung
C0989,Bella,F,1960-07-05,Depok
C0990,Rizky,M,1991-02-03,Bandung
C0991,Nita,F,1995-04-21,Medan
C0992,Eko,M,1977-04-24,Balikpapan
C0993,Hana,F,1999-09-05,Denpasar
C0994,Wulan,F,1975-10-03,Banjarmasin
C0995,Dian,F,1997-03-06,Batam
C0996,Lukman,M,1980-03-29,Bandung
C0997,Umar,M,1960-11-24,Bogor
C0998,Dian,F,1963-04-30,Bogor
C0999,Candra,M,1967-03-21,Bandung
C1000,Zaki,M,1986-08-24,Manado
